Alabama[edit]
Auburn (Auburn University)[1]
Florence (University of North Alabama)
Jacksonville (Jacksonville State University)[2]
Livingston (University of West Alabama)[2]
Montevallo (University of Montevallo)[2]
Troy (Troy University)[2]
Tuscaloosa (University of Alabama, Stillman College, Shelton State)[3][4]
Tuskegee (Tuskegee University)[5]
Alaska[edit]
Fairbanks (University of Alaska Fairbanks)[2]
Arizona[edit]
Flagstaff (Northern Arizona University)[6]
Tempe (Arizona State University)
Tucson (University of Arizona)
Arkansas[edit]
Arkadelphia (Henderson State University, Ouachita Baptist University)[2]
Conway (Central Baptist College, Hendrix College, University of Central Arkansas)[2]
Fayetteville (University of Arkansas)[7]
Jonesboro (Arkansas State University)[8]
Magnolia (Southern Arkansas University)[2]
Monticello (University of Arkansas at Monticello)[2]
Russellville (Arkansas Tech University)[2]
Searcy (Harding University)[5]
California[edit]
Angwin (Pacific Union College)[2]
Arcata (Humboldt State University)[5]
Berkeley (University of California, Berkeley)[5]
Chico (California State University, Chico)[2]
Claremont (Claremont McKenna College, Pomona College, Harvey Mudd College, Scripps College, Pitzer College, Keck Graduate Institute, Claremont Graduate University)[5]
Cotati (California State University, Sonoma)[2]
Davis (University of California, Davis)[1]
Irvine (University of California, Irvine)
Isla Vista (University of California, Santa Barbara)[2]
University Park, Los Angeles (University of Southern California)
Merced (University of California, Merced)
Orange (Chapman University)
Palo Alto (Stanford University)
Pomona (Cal Poly Pomona, WesternU)[9][10][11] and formerly Pomona College
Redlands (University of Redlands)
Riverside (University of California, Riverside, California Baptist University, La Sierra University)
Sacramento (California State University, Sacramento)
University District, San Bernardino (California State University, San Bernardino, American Sports University)
San Diego (University of California, San Diego, San Diego State University)
San Luis Obispo (California Polytechnic State University)[2]
Santa Barbara (Fielding Graduate University, Santa Barbara City College, University of California, Santa Barbara, Westmont College)[2]
Santa Cruz (University of California, Santa Cruz)[2]
Turlock (California State University, Stanislaus)
Westwood, Los Angeles (University of California, Los Angeles)[2]
Whittier (Whittier CollegeRio Hondo College)
Colorado[edit]
Alamosa (Adams State College)[2]
Boulder (University of Colorado at Boulder)[12]
Durango (Fort Lewis College)[2]
Fort Collins (Colorado State University)[13]
Golden (Colorado School of Mines)
Grand Junction (Colorado Mesa University)
Greeley (University of Northern Colorado)
Gunnison (Western State College)[2]
Pueblo, Colorado (Colorado State University-Pueblo)
Connecticut[edit]
Fairfield (Fairfield University, Sacred Heart University)
Middletown (Wesleyan University)
New Britain (Central Connecticut State University)
New Haven (Yale University, University of New Haven, Southern Connecticut State University, Albertus Magnus College, Quinnipiac University)[14]
New London (Connecticut College, US Coast Guard Academy, Mitchell College)[2]
Storrs (University of Connecticut)[2]
Willimantic (Eastern Connecticut State University)[2]
Delaware[edit]
Dover (Delaware State University)[1]
Newark (University of Delaware)[1]
Florida[edit]
Ave Maria (Ave Maria University)
Boca Raton (Florida Atlantic University)
Coral Gables (University of Miami)
DeLand (Stetson University)[5]
Estero (Florida Gulf Coast University)
Gainesville (University of Florida, Santa Fe College)
Orlando (University of Central Florida)
Sarasota (New College of Florida, Ringling College of Art and Design, State College of Florida, Manatee-Sarasota, University of South Florida Sarasota-Manatee)
St. Augustine (Flagler College)
St. Leo (St. Leo University)
Tallahassee (Florida State University, Florida A&M University)
Tampa (University of South Florida)
Georgia[edit]
Albany (Albany State University)
Athens (University of Georgia)[15]
Atlanta (Georgia State University, Georgia Tech, Emory)[2]
Carrollton (University of West Georgia)[2]*Dahlonega (North Georgia College & State University)[2]
Demorest (Piedmont College)[2]
Fort Valley (Fort Valley State University)[2]
Kennesaw (Kennesaw State University)
Milledgeville (Georgia College & State University)[2]
Mount Vernon (Brewton-Parker College)[2]
Oxford (Oxford College)
Rome (Berry College, Shorter University)
Savannah (Armstrong Atlantic State University, Savannah State University, Savannah College of Art and Design)
Statesboro (Georgia Southern University)[5]
Valdosta (Valdosta State University)[2]
Waleska (Reinhardt College)[2]
Young Harris (Young Harris College)[2]
Hawaii[edit]
Manoa (University of Hawaii at Manoa)[2]
Idaho[edit]
Moscow (University of Idaho)[2]
Pocatello (Idaho State University)[2]
Rexburg (BYU-Idaho)[2]
Illinois[edit]
Carbondale (Southern Illinois University Carbondale)[5]
Champaign–Urbana (University of Illinois at Urbana–Champaign)[5]
Charleston (Eastern Illinois University)[2]
DeKalb (Northern Illinois University)[2]
Edwardsville (Southern Illinois University Edwardsville)[2]
Evanston (Northwestern University)[2]
Lebanon (McKendree University)[2]
Macomb (Western Illinois University)[2]
Normal (Illinois State University)[2]
Peoria (Bradley University)
Indiana[edit]
Bloomington (Indiana University Bloomington)[5]
Crawfordsville (Wabash College)
Greencastle (DePauw University)[5]
Hanover (Hanover College)[2]
Marion (Indiana Wesleyan University)[2]
Muncie (Ball State University)[2]
Oakland City (Oakland City University)[2]
Richmond (Earlham College)[2]
South Bend (Notre Dame University[2])
Terre Haute (Indiana State University, Rose-Hulman Institute of Technology)[2]
Upland (Taylor University)[2]
Valparaiso (Valparaiso University)
West Lafayette (Purdue University)[2]
Iowa[edit]
Ames (Iowa State University)[2]
Cedar Falls (University of Northern Iowa)[2]
Cedar Rapids, Iowa (Coe College )
Decorah (Luther College)[5]
Fayette (Upper Iowa University)[2]
Grinnell (Grinnell College)[15]
Iowa City (University of Iowa)[15]
Lamoni (Graceland University)[2]
Mount Vernon, (Cornell College)
Orange City (Northwestern College)[2]
Sioux Center (Dordt College)[2]
Storm Lake (Buena Vista University)[2]
Waverly (Wartburg College)[2]
Kansas[edit]
Baldwin City (Baker University)[5]
Emporia (Emporia State University)[2]
Hays (Fort Hays State University)[2]
Lawrence (University of Kansas, Haskell Indian Nations University)[15]
Manhattan (Kansas State University, Manhattan Christian College)[15]
Pittsburg (Pittsburg State University)[2]
Kentucky[edit]
Bowling Green (Western Kentucky University)[2]
Columbia (Lindsey Wilson College)[2]
Georgetown (Georgetown College)
Highland Heights (Northern Kentucky University)
Lexington (University of Kentucky, Transylvania University[5]
Louisville (University of Louisville)
Morehead (Morehead State University)[2]
Murray (Murray State University)[5]
Richmond (Eastern Kentucky University)[2]
Williamsburg (University of the Cumberlands)[2]
Wilmore (Asbury University, Asbury Theological Seminary)[2]
Louisiana[edit]
Baton Rouge (Louisiana State University, Southern University)
Grambling (Grambling State University)[5]
Hammond (Southeastern Louisiana University)[2]
Lafayette (University of Louisiana at Lafayette)
Monroe (University of Louisiana at Monroe)[2]
Natchitoches (Northwestern State University)[2]
Ruston (Louisiana Tech University)[2]
Thibodaux (Nicholls State University)[2]
Maine[edit]
Augusta (University of Maine at Augusta)[2]
Bar Harbor (College of the Atlantic)
Brunswick (Bowdoin College)
Farmington (University of Maine at Farmington)[2]
Fort Kent (University of Maine at Fort Kent)
Gorham (University of Southern Maine)[2]
Lewiston, Maine (Bates College)
Orono (University of Maine)[2]
Waterville (Thomas College, Colby College)
Maryland[edit]
Annapolis (United States Naval Academy, St. John's College)
Chestertown (Washington College)[2]
College Park (University of Maryland, College Park)[16]
Cumberland (Allegany College of Maryland)
Emmitsburg (Mount St. Mary's University)[2]
Frostburg (Frostburg State University)[5]
Princess Anne (University of Maryland Eastern Shore)[5]
Towson (Towson University, Goucher College)[2]
Salisbury (Salisbury University)[2]
Westminster (McDaniel College)
Massachusetts[edit]
Boston (Boston University, Boston College, Boston Conservatory, New England Conservatory, Brandeis University, Northeastern University, UMass Boston, Emmanuel College, Bunker Hill Community College, Roxbury Community College, Suffolk University, Simmons College, among many others)
Bridgewater (Bridgewater State College)[2]
Cambridge (Harvard University, Massachusetts Institute of Technology)(Lesley University, Cambridge College, Longy School of Music)[15]
Chestnut Hill (Boston College)
The Colleges of Worcester Consortium:
Dudley (Nichols College)
North Grafton (Cummings School of Veterinary Medicine at Tufts University)
Paxton (Anna Maria College)
Worcester (Assumption, Becker, Clark University, Holy Cross, Mass. College of Pharmacy & Health Sciences, Quinsigamond Community College, UMass Medical School, Worcester State University, Worcester Polytechnic Institute)
The Five College Region of Western Massachusetts:
Amherst (Amherst College, Hampshire College, University of Massachusetts Amherst)[15]
Northampton (Smith College)
South Hadley (Mount Holyoke College)
Fitchburg (Fitchburg State College)
North Adams (Massachusetts College of Liberal Arts)
Springfield (American International College), (Springfield College), and (Western New England College)
Waltham (Bentley University), (Brandeis University)
Williamstown (Williams College)
Framingham (Framingham State University)
Michigan[edit]
Adrian (Adrian College, Siena Heights University)
Albion (Albion College)[17]
Allendale (Grand Valley State University)
Alma (Alma College)
Ann Arbor (University of Michigan)[1]
Berrien Springs (Andrews University)[2]
Big Rapids (Ferris State University)[2]
East Lansing (Michigan State University)[2]
Flint (Kettering University, University of Michigan-Flint)
Hillsdale (Hillsdale College)
Houghton (Michigan Technological University)[5]
Kalamazoo (Western Michigan University, Kalamazoo College)[2]
Marquette (Northern Michigan University)[2]
Midland (Northwood University)
Mount Pleasant (Central Michigan University)[2]
Olivet (Olivet College)[2]
Saginaw (Saginaw Valley State University)
Sault Ste. Marie (Lake Superior State University)
Spring Arbor (Spring Arbor University)[2]
Ypsilanti (Eastern Michigan University)[2]
Minnesota[edit]
Bemidji (Bemidji State University)[2]
Crookston (University of Minnesota Crookston)[2]
Duluth (University of Minnesota Duluth, Lake Superior College, The College of St. Scholastica, University of Wisconsin–Superior, Duluth Business University
Faribault, South Central College
Mankato (Minnesota State University, Mankato),[2] Bethany Lutheran College
Marshall (Southwest Minnesota State University)[2]
Moorhead (Minnesota State University, Moorhead, Concordia College)[18]
Morris (University of Minnesota Morris)[2]
Northfield (Carleton College, St. Olaf College)[5]
North Mankato, South Central College
St. Cloud (St. Cloud State University, The College of St. Scholastica)[2]
St. Joseph (College of Saint Benedict)[2]
St. Peter (Gustavus Adolphus College)[2]
Winona (Winona State University, St. Mary's University of Minnesota)[19]
Mississippi[edit]
Cleveland (Delta State University)[2]
Hattiesburg (University of Southern Mississippi)[20]
Itta Bena (Mississippi Valley State University)[2]
Oxford (University of Mississippi)[2]
Starkville (Mississippi State University)[2]
Missouri[edit]
Bolivar (Southwest Baptist University)[2]
Cape Girardeau (Southeast Missouri State University)[2]
Columbia (University of Missouri, Stephens College, Columbia College)[20]
Fayette (Central Methodist University)[2]
Fulton (Westminster College and William Woods University).
Kirksville (Truman State University, A. T. Still University)[2]
Maryville (Northwest Missouri State University)[2]
Rolla (Missouri University of Science and Technology)[2]
Warrensburg (University of Central Missouri)[5]
Montana[edit]
Bozeman (Montana State University)[2]
Dillon (University of Montana Western)[2]
Missoula (University of Montana)[5]
Nebraska[edit]
Chadron (Chadron State College)[5]
Crete (Doane College)[2]
Kearney (University of Nebraska at Kearney)[2]
Lincoln (University of Nebraska at Lincoln)[5]
Peru (Peru State College)[2]
Seward (Concordia University)[2]
Wayne (Wayne State College)[2]
Nevada[edit]
Las Vegas (University of Nevada, Las Vegas)
Reno (University of Nevada, Reno)
New Hampshire[edit]
New London, New Hampshire (Colby-Sawyer College)
Durham (University of New Hampshire)[2]
Hanover (Dartmouth College)[5]
Henniker (New England College)
Keene (Keene State College)[2]
Plymouth (Plymouth State University)[2]
Rindge (Franklin Pierce University)
New Jersey[edit]
Ewing (The College of New Jersey), (Rider University)
Jersey City (New Jersey City University), (Saint Peter's University)
Glassboro (Rowan University)[2]
Hoboken (Stevens Institute of Technology)
Madison (Drew University), (Fairleigh Dickinson University), (College of Saint Elizabeth)
Newark (Rutgers University), (New Jersey Institute of Technology), (UMDNJ)
New Brunswick (Rutgers University)[5]
Princeton (Princeton University)[5]
Union (Kean University)
West Long Branch (Monmouth University)
New Mexico[edit]
Hobbs (University of the Southwest)[2]
Las Cruces (New Mexico State University)[2]
Las Vegas (New Mexico Highlands University)[2]
Portales (Eastern New Mexico University)[2]
Silver City (Western New Mexico University)[2]
New York[edit]
Alfred (Alfred University, Alfred State College)[2]
Albany (SUNY Albany, Siena College, Albany College of Pharmacy, Albany Law School, Albany Medical College, College of Saint Rose, Excelsior College, Maria College of Albany, Mildred Elley, Sage College of Albany)
Aurora (Wells College)[21]
Binghamton (Binghamton University)[2]
Brockport (SUNY Brockport)[5]
Buffalo (University at Buffalo)
Canton (St. Lawrence University, SUNY Canton)[2]
Clinton (Hamilton College)[2]
Cobleskill (SUNY Cobleskill)[2]
Delhi (SUNY Delhi)[2]
Fredonia (SUNY Fredonia)[2]
Geneseo (SUNY Geneseo)[2]
Geneva (Hobart and William Smith Colleges)
Hamilton (Colgate University)[2]
Ithaca (Cornell University, Ithaca College)[1]
Morningside Heights, Manhattan (Columbia University, Barnard College, Teachers College, Manhattan School of Music, Jewish Theological Seminary, Union Theological Seminary, Bank Street College of Education)
New Paltz (SUNY New Paltz)[2]
Oneonta (SUNY Oneonta, Hartwick College)[2]
Oswego (SUNY Oswego)[2]
Plattsburgh (SUNY Plattsburgh)[2]
Potsdam (SUNY Potsdam, Clarkson University)[2]
Poughkeepsie (Vassar College, Marist College)[2]
Purchase (Purchase College, Manhattanville College)[2]
Rochester (University of Rochester, Rochester Institute of Technology, Nazareth College, St. John Fisher College, Monroe Community College, Roberts Wesleyan College, SUNY Brockport, SUNY Empire State College)[2]
Saratoga Springs (Skidmore College)[2]
Seneca Falls (New York Chiropractic College)
Stony Brook (Stony Brook University)
Syracuse (Syracuse University, SUNY ESF, Upstate Medical University)
Tivoli (Bard College)
Troy (Rensselaer Polytechnic Institute, Russell Sage College, Hudson Valley Community College)
West Point (United States Military Academy)
North Carolina[edit]
Banner Elk (Lees-McRae College)
Boiling Springs (Gardner-Webb University)[2]
Boone (Appalachian State University)[2]
Buies Creek (Campbell University)[2]
Chapel Hill (University of North Carolina at Chapel Hill)[20]
Cullowhee (Western Carolina University)[2]
Davidson (Davidson College)[5]
Durham (Duke University, North Carolina Central University)[5]
Elon (Elon University)[2]
Greensboro (University of North Carolina at Greensboro, Greensboro College, Guilford College, North Carolina A & T State University, Bennett College)
Greenville (East Carolina University)[2]
Hickory (Lenoir-Rhyne University)[2]
Mars Hill (Mars Hill College)[2]
Mount Olive (Mount Olive College)[2]
Pembroke (University of North Carolina at Pembroke)[2]
Wilmington, North Carolina (University of North Carolina at Wilmington)
Wingate (Wingate University)[2]
Winston-Salem (Wake Forest University, University of North Carolina School of the Arts, Salem College, Winston-Salem State University)
North Dakota[edit]
Fargo (North Dakota State University)[18]
Grand Forks (University of North Dakota)[5]
Ohio[edit]
Ada (Ohio Northern University)[2]
Alliance (University of Mount Union)
Ashland (Ashland University)[2]
Athens (Ohio University)[2]
Berea (Baldwin Wallace College)
Bluffton (Bluffton University)[2]
Bowling Green (Bowling Green State University)[2]
Cedarville (Cedarville University)[2]
Columbus (Ohio State University)
Delaware (Ohio Wesleyan University)
Fairborn (Wright State University)
Findlay (University of Findlay)
Gambier (Kenyon College)[2]
Granville (Denison University)[2]
Hiram (Hiram College)[2]
Kent (Kent State University)[2]
Nelsonville (Hocking College)[2]
New Concord (Muskingum College)[2]
Oberlin (Oberlin College)[5]
Oxford (Miami University)[5]
Rio Grande (University of Rio Grande)[2]
Wilberforce (Wilberforce University, Central State University)[2]
Oklahoma[edit]
Ada (East Central University)[2]
Alva (Northwestern Oklahoma State University)[2]
Durant (Southeastern Oklahoma State University)[2]
Edmond (University of Central Oklahoma, Oklahoma Christian University)[2]
Goodwell (Oklahoma Panhandle State University)[2]
Langston (Langston University)[5]
Norman (University of Oklahoma)[1]
Stillwater (Oklahoma State University)[5]
Tahlequah (Northeastern State University)[2]
Tulsa (The University of Tulsa)
Weatherford (Southwestern Oklahoma State University)
Oregon[edit]
Ashland (Southern Oregon University)[2]
Corvallis (Oregon State University)[20]
Eugene (Lane Community College, Northwest Christian University, University of Oregon)[20]
Forest Grove (Pacific University)
Klamath Falls (Klamath Community College, Oregon Institute of Technology)
La Grande (Eastern Oregon University)[2]
Marylhurst (Marylhurst University)
McMinnville (Linfield College)
Monmouth (Western Oregon University)[2]
Newberg (George Fox University)
Pennsylvania[edit]
Altoona (Penn State Altoona)
Annville (Lebanon Valley College)[2]
Bethlehem (Lehigh University, Moravian College)
Bloomsburg (Bloomsburg University of Pennsylvania)[2]
Bradford (University of Pittsburgh at Bradford)
California (California University of Pennsylvania)[2]
Carlisle (Dickinson College)
Cecil B. Moore, Philadelphia, also known as "Templetown" (Temple University)
Clarion (Clarion University of Pennsylvania)[2]
Collegeville (Ursinus College)
Cresson (Mount Aloysius College)[2]
East Stroudsburg (East Stroudsburg University of Pennsylvania)[2]
Edinboro (Edinboro University of Pennsylvania)[2]
Erie (Gannon University, Mercyhurst College, Penn State Erie)
Gettysburg (Gettysburg College)[2]
Greensburg (Seton Hill University, University of Pittsburgh at Greensburg)
Grove City (Grove City College)[2]
Huntingdon (Juniata College)[2]
Indiana (Indiana University of Pennsylvania)[2]
Johnstown (University of Pittsburgh at Johnstown)
Kutztown (Kutztown University of Pennsylvania)[2]
Lancaster (Franklin & Marshall)
Lewisburg (Bucknell University)[5]
Lock Haven (Lock Haven University of Pennsylvania)[2]
Loretto (St. Francis University)[2]
Mansfield (Mansfield University of Pennsylvania)[2]
Meadville (Allegheny College)
Mont Alto (Penn State Mont Alto)
Millersville (Millersville University of Pennsylvania)[2]
New Wilmington (Westminster College)[2]
North East (Mercyhurst North East)
University City, Philadelphia (Drexel University, University of Pennsylvania, University of the Sciences in Philadelphia)
Oakland, Pittsburgh (Carnegie Mellon University, University of Pittsburgh, Carlow University)
Reading (Albright College, Alvernia University, Penn State Berks)
Selinsgrove (Susquehanna University)[2]
Shippensburg (Shippensburg University of Pennsylvania)[2]
Slippery Rock (Slippery Rock University of Pennsylvania)[2]
State College (Pennsylvania State University)[22]
Villanova (Villanova University)
Waynesburg (Waynesburg University)
West Chester (West Chester University of Pennsylvania)
Wilkes-Barre (King's College, Wilkes University)
Williamsport (Lycoming College, Pennsylvania College of Technology)[2]
Rhode Island[edit]
Kingston (University of Rhode Island)[2]
Providence (Brown University, (University of Rhode Island), Rhode Island School of Design, Johnson and Wales University, Providence College, Community College of Rhode Island, Rhode Island College, and Roger Williams University.)
South Carolina[edit]
Central (Southern Wesleyan University)[2]
Charleston (College of Charleston, The Citadel, MUSC)
Clemson (Clemson University)[2]
Clinton (Presbyterian College)
Columbia (University of South Carolina)[14]
Due West (Erskine College)
Florence (Francis Marion University)
Greenwood (Lander University)
Orangeburg (South Carolina State University, Claflin University)[2]
Rock Hill (Winthrop University)
Spartanburg (Wofford College, Converse College, University of South Carolina Upstate, Spartanburg Methodist College, Edward Via College of Osteopathic Medicine, Spartanburg Community College, Virginia College, Sherman College of Chiropractic)
South Dakota[edit]
Brookings (South Dakota State University)[2]
Madison (Dakota State University)
Spearfish (Black Hills State University)
Vermillion (University of South Dakota)[5]
Tennessee[edit]
Chattanooga (University of Tennessee at Chattanooga)
Collegedale (Southern Adventist University)
Cookeville (Tennessee Technological University)[2]
Harrogate (Lincoln Memorial University)[2]
Henderson (Freed-Hardeman University)[2]
Johnson City (East Tennessee State University)
Knoxville (University of Tennessee)
Martin (University of Tennessee at Martin)[2]
McKenzie (Bethel University)[2]
Memphis (Christian Brothers University, LeMoyne-Owen College, Memphis College of Art, Memphis Theological Seminary, Rhodes College, Southern College of Optometry, Southwest Tennessee Community College, University of Memphis, University of Tennessee Health Science Center, Visible Music College)
Murfreesboro (Middle Tennessee State University)[2]
Nashville (Vanderbilt University, Belmont University, Tennessee State University, Lipscomb University, Fisk University, Aquinas College, Trevecca Nazarene University)
Sewanee (Sewanee: the University of the South)[2]
Texas[edit]
Abilene (Abilene Christian University, Hardin-Simmons University, McMurry University)
Alpine (Sul Ross State University)[2]
Austin (University of Texas at Austin, St. Edwards University, Huston-Tillotson University)[2]
Beaumont (Lamar University)
Canyon (West Texas A&M University)[2]
College Station (Texas A&M University)[5]
Commerce (Texas A&M University–Commerce)[2]
Dallas (Southern Methodist University)
Denton (University of North Texas, Texas Woman's University)[2]
Fort Worth (Texas Christian University, Texas Wesleyan University)
Georgetown (Southwestern University)
Huntsville (Sam Houston State University)[2]
Houston (University of Houston, Texas Southern University, Rice University, Houston Baptist University)
Keene (Southwestern Adventist University)[2]
Kingsville (Texas A&M University–Kingsville)[2]
Lubbock (Texas Tech University, Lubbock Christian University)
Nacogdoches (Stephen F. Austin State University)[2]
Plainview (Wayland Baptist University)[2]
Prairie View (Prairie View A&M University)[2]
San Marcos (Texas State University)[5]
Stephenville (Tarleton State University)[2]
Waco (Baylor University)
Utah[edit]
Cedar City (Southern Utah University)[2]
Logan (Utah State University)[2]
Provo (Brigham Young University)[5]
Orem (Utah Valley University)
Salt Lake City (University of Utah)
Ephraim (Snow College)
Vermont[edit]
Burlington (University of Vermont, Champlain College and Saint Michael's College)[2]
Castleton (Castleton State College)[2]
Johnson (Johnson State College)[2]
Lyndonville (Lyndon State College)[2]
Middlebury (Middlebury College)[2]
Northfield (Norwich University)[2]
Virginia[edit]
Blacksburg (Virginia Polytechnic Institute and State University)[5]
Bridgewater (Bridgewater College)[2]
Charlottesville (University of Virginia)[23]
Farmville (Longwood University, Hampden-Sydney College)[2]
Fredericksburg (University of Mary Washington)[2]
Harrisonburg (James Madison University, Eastern Mennonite University)[2]
Lexington (Washington and Lee University, Virginia Military Institute)[2]
Lynchburg (Lynchburg College, Randolph College, Liberty University, Central Virginia Community College)
Radford (Radford University)[2]
Williamsburg (The College of William & Mary)[2]
Wise (University of Virginia's College at Wise)[2]
Chesapeake (Averett University, DeVry University, Troy University, Tidewater Community College, Strayer University, Everest University, Sentera College of Health Sciences, St Leo University)[2]
Washington[edit]
Bellingham (Western Washington University)
Cheney (Eastern Washington University)[2]
Ellensburg (Central Washington University)[5]
Pullman (Washington State University)[5]
University District, Seattle (University of Washington)[5]
West Virginia[edit]
Athens (Concord University)[2]
Buckhannon (West Virginia Wesleyan College)[2]
Fairmont (Fairmont State University)[2]
Glenville (Glenville State College)[2]
Huntington (Marshall University)[2]
Montgomery (West Virginia University Institute of Technology)[2]
Morgantown (West Virginia University)[2]
Shepherdstown (Shepherd University)[2]
West Liberty (West Liberty University)[2]
Wisconsin[edit]
Appleton (Lawrence University)
Eau Claire (University of Wisconsin–Eau Claire)
Green Bay (University of Wisconsin-Green Bay)
La Crosse (University of Wisconsin–La Crosse, Western Technical College, Viterbo University)[2]
Madison (University of Wisconsin–Madison)[2]
Menomonie (University of Wisconsin–Stout)[2]
Milwaukee (Marquette University, University of Wisconsin–Milwaukee)
Oshkosh (University of Wisconsin–Oshkosh)
Platteville (University of Wisconsin–Platteville)[2]
River Falls (University of Wisconsin–River Falls)[2]
Stevens Point (University of Wisconsin–Stevens Point)[2]
Waukesha (Carroll University)
Whitewater (University of Wisconsin–Whitewater)[2]
Wyoming[edit]
Laramie (University of Wyoming)[5]
